{"means": [90.79294911042825, 84.16380556212847, 79.55704790549645], "stds": [80.86021193728413, 76.30267117788055, 74.25575062280693]}